text,label
"The Client shall pay the Contractor a fixed fee of INR 2,50,000 for the services described in this Agreement.",payment
Payment for the services shall be made within thirty days after receipt of each valid invoice.,payment
The total contract price shall be paid in three equal installments according to the payment schedule.,payment
The Client shall remit all undisputed invoices by bank transfer within fifteen business days.,payment
The Contractor will invoice the Client monthly for services performed during the preceding month.,payment
An advance payment equal to twenty percent of the total fee is due before work commences.,payment
The remaining balance shall become payable upon completion and acceptance of the deliverables.,payment
Late payment of an undisputed invoice shall accrue interest at the rate specified in this Agreement.,payment
All fees payable under this Agreement are stated exclusive of applicable taxes.,payment
The Client shall reimburse approved expenses separately from the professional service fees.,payment
Payment shall be considered made when the invoiced amount has been credited to the Contractor's account.,payment
The subscription fee shall be payable annually in advance on each renewal date.,payment
The Client shall pay the agreed milestone fee after each deliverable has been accepted.,payment
Invoices shall contain sufficient details describing the services and amounts charged.,payment
The Contractor shall not be required to continue work while an undisputed invoice remains overdue.,payment
The monthly service charge shall be due on the first business day of each month.,payment
The Client shall pay the outstanding amount within ten days of receiving a corrected invoice.,payment
All payments under this Agreement shall be made in Indian Rupees unless otherwise agreed in writing.,payment
The project fee includes the services expressly listed in the statement of work.,payment
Any additional services requested by the Client shall be charged at the agreed hourly rate.,payment
The final payment shall be released after delivery of the completed project materials.,payment
The Client shall pay the Contractor the agreed consideration for each completed phase of the project.,payment
Either party may terminate this Agreement by providing thirty days' prior written notice.,termination
The Client may terminate the Agreement immediately if the Contractor commits a material breach that remains uncured.,termination
Either party may terminate this Agreement for convenience upon sixty days' written notice.,termination
"Upon termination, the Contractor shall cease performing services except as necessary for an orderly transition.",termination
The Agreement may be terminated if a party fails to remedy a material breach within fifteen days.,termination
Either party may terminate the contract if the other party becomes insolvent or enters liquidation.,termination
The Client may terminate the engagement if the Contractor repeatedly fails to meet agreed deadlines.,termination
Termination shall become effective on the date specified in the written termination notice.,termination
"Following termination, each party shall return confidential materials belonging to the other party.",termination
The parties may terminate this Agreement by mutual written consent.,termination
Either party may terminate the services upon written notice if continued performance becomes unlawful.,termination
The Client may terminate a statement of work separately without terminating the master agreement.,termination
"Upon termination, the Contractor shall deliver all completed work to the Client.",termination
The Agreement shall automatically end upon completion of all obligations unless renewed in writing.,termination
A party exercising its termination right shall provide written notice to the other party.,termination
Termination for material breach shall not affect rights and obligations that accrued before termination.,termination
The Client may terminate the Agreement if the Contractor abandons the project without justification.,termination
Either party may terminate this Agreement after a prolonged force majeure event.,termination
"After termination, the parties shall cooperate to complete any required handover activities.",termination
The Contractor may terminate the Agreement if the Client fails to make required payments after notice.,termination
Termination shall not release either party from obligations expressly stated to survive termination.,termination
The parties may end this Agreement before its expiration through a signed written agreement.,termination
Each party shall keep all confidential information received from the other party strictly confidential.,confidentiality
The Contractor shall not disclose the Client's confidential business information to any unauthorized person.,confidentiality
Confidential information may be used solely for the purpose of performing this Agreement.,confidentiality
The receiving party shall protect confidential information using reasonable security measures.,confidentiality
Neither party may disclose proprietary information except to employees who need it for the contracted services.,confidentiality
Confidential information shall not include information that is already publicly available through no breach of this Agreement.,confidentiality
The confidentiality obligations shall continue for three years after termination of the Agreement.,confidentiality
The Contractor shall promptly notify the Client of any unauthorized disclosure of confidential information.,confidentiality
Each party shall restrict access to confidential materials to personnel with a legitimate business need.,confidentiality
Confidential documents supplied by the Client shall not be copied except as necessary to perform the services.,confidentiality
The recipient shall return or destroy confidential information upon written request.,confidentiality
Neither party shall use the other's trade secrets for any purpose outside this Agreement.,confidentiality
"Confidential information may be disclosed when required by law, subject to prior notice where legally permitted.",confidentiality
Employees and subcontractors receiving confidential information shall be bound by confidentiality obligations.,confidentiality
The parties acknowledge that customer data exchanged under this Agreement is confidential.,confidentiality
The Contractor shall maintain the confidentiality of technical specifications supplied by the Client.,confidentiality
Confidential information shall remain the property of the party that disclosed it.,confidentiality
The receiving party shall take precautions to prevent accidental disclosure of confidential materials.,confidentiality
All non-public financial information exchanged between the parties shall be treated as confidential.,confidentiality
The parties shall not publish or publicly announce confidential project information without consent.,confidentiality
"Confidentiality obligations apply to written, electronic, and oral information identified as confidential.",confidentiality
The Client and Contractor shall preserve the confidentiality of all proprietary project materials.,confidentiality
All intellectual property rights in the custom software created under this Agreement shall transfer to the Client upon full payment.,intellectual_property
"The Contractor retains ownership of its pre-existing tools, libraries, and background technology.",intellectual_property
The Client shall own all original deliverables specifically developed for the Client under this Agreement.,intellectual_property
Each party shall retain all intellectual property rights it owned before entering into this Agreement.,intellectual_property
The Contractor grants the Client a non-exclusive license to use the software delivered under the project.,intellectual_property
All copyrights in the final design materials shall belong to the Client after payment of the applicable fees.,intellectual_property
Pre-existing intellectual property shall remain the exclusive property of its original owner.,intellectual_property
The Client may modify and reproduce the custom materials delivered by the Contractor.,intellectual_property
The Contractor shall assign to the Client all transferable rights in the project deliverables.,intellectual_property
Third-party software shall remain subject to the licenses applicable to that software.,intellectual_property
The Contractor shall identify any third-party components incorporated into the deliverables.,intellectual_property
All inventions created specifically for the Client during the engagement shall be assigned to the Client.,intellectual_property
The Client grants the Contractor a limited license to use Client materials solely to perform the services.,intellectual_property
Ownership of source code shall pass to the Client upon receipt of the final payment.,intellectual_property
The Contractor shall not reuse Client-owned confidential source code in another customer's project.,intellectual_property
Each party warrants that it has the right to grant the intellectual property rights described in this Agreement.,intellectual_property
The parties shall cooperate in executing documents required to record an intellectual property assignment.,intellectual_property
Work product created independently of the engagement shall remain owned by the party that created it.,intellectual_property
The Client receives a perpetual license to use the completed deliverables for its business operations.,intellectual_property
All trademarks supplied by the Client shall remain the Client's property.,intellectual_property
"The Contractor retains rights to general skills, know-how, and techniques developed independently.",intellectual_property
Intellectual property created jointly by the parties shall be owned as specified in the applicable statement of work.,intellectual_property
"Neither party shall be liable for indirect, incidental, special, or consequential damages.",liability
The Contractor's aggregate liability under this Agreement shall not exceed the total fees paid during the preceding twelve months.,liability
Each party shall be responsible for losses caused by its own negligence or willful misconduct.,liability
"Except for expressly excluded claims, liability under this Agreement is limited to INR 5,00,000.",liability
Neither party shall be liable for loss of anticipated profits or business opportunities.,liability
The limitations of liability shall apply regardless of the legal theory under which a claim is brought.,liability
The Client shall not be responsible for losses arising from unauthorized acts of the Contractor.,liability
The Contractor's liability for direct damages shall be limited to the amount specified in this Agreement.,liability
Neither party guarantees that the services will be uninterrupted or error-free and liability is limited accordingly.,liability
The liability cap shall not apply where liability cannot legally be limited.,liability
Each party shall take reasonable steps to mitigate losses for which it seeks compensation.,liability
The Contractor shall be liable for direct damages resulting from its material breach of this Agreement.,liability
Neither party shall be liable for damages resulting solely from the other party's instructions.,liability
Any claim for damages shall be subject to the limitations stated in this Agreement.,liability
The maximum aggregate liability of either party shall not exceed the contract value.,liability
Liability for ordinary negligence shall be subject to the agreed contractual limitation.,liability
The parties agree that the stated liability cap represents the allocation of commercial risk.,liability
Neither party shall be liable for consequential losses arising from service interruption.,liability
The Contractor's total liability for the project shall not exceed the fees actually received.,liability
Claims arising from the Agreement shall be subject to the applicable liability exclusions and limitations.,liability
The liability provisions shall survive expiration or termination of this Agreement.,liability
The parties exclude liability for loss of data except where caused by gross negligence or willful misconduct.,liability
The Contractor shall indemnify and hold harmless the Client from third-party claims arising from the Contractor's negligence.,indemnity
Each party shall indemnify the other for losses caused by its breach of applicable law.,indemnity
The Contractor shall defend the Client against claims alleging infringement by the Contractor's deliverables.,indemnity
The Client shall indemnify the Contractor against claims arising from materials supplied by the Client.,indemnity
An indemnifying party shall reimburse reasonable legal expenses incurred in defending an indemnified claim.,indemnity
The Contractor agrees to indemnify the Client for damages resulting from unauthorized disclosure caused by the Contractor.,indemnity
Each party shall provide indemnification for third-party claims caused by its own misconduct.,indemnity
The indemnifying party shall promptly assume the defense of any covered third-party claim.,indemnity
The Client shall hold the Contractor harmless from claims arising from the Client's unlawful instructions.,indemnity
"Indemnification obligations shall apply to losses, damages, liabilities, and reasonable costs covered by this Agreement.",indemnity
The Contractor shall indemnify the Client against claims arising from negligent performance of the services.,indemnity
The parties shall cooperate in the defense of any claim for which indemnification is requested.,indemnity
An indemnified party shall promptly notify the indemnifying party of a covered claim.,indemnity
The indemnifying party shall not settle a claim in a manner that imposes obligations on the other party without consent.,indemnity
The Client shall indemnify the Contractor for third-party claims caused by Client-provided content.,indemnity
The Contractor shall defend and indemnify the Client against qualifying intellectual property claims.,indemnity
Indemnification shall extend to reasonable attorneys' fees and court costs incurred in covered proceedings.,indemnity
Neither party shall admit liability on behalf of the other in connection with an indemnified claim.,indemnity
The Contractor's indemnity obligations include losses arising from its violation of applicable law.,indemnity
Each party's indemnification obligations shall survive termination to the extent claims arise from prior conduct.,indemnity
The indemnifying party shall have reasonable control over the defense of an indemnified claim.,indemnity
Indemnity obligations under this Agreement apply only to claims within the scope expressly stated herein.,indemnity
"During the term of this Agreement, the Contractor shall not provide substantially similar services to a direct competitor of the Client.",non_compete
The Employee agrees not to engage in a competing business within the restricted territory for twelve months after termination.,non_compete
The Contractor shall not solicit or perform competing services for the Client's named customers during the restricted period.,non_compete
"For six months following termination, the Consultant shall not operate a competing business within the agreed geographic area.",non_compete
The parties agree that the Contractor shall refrain from directly competing with the Client during the engagement.,non_compete
The Employee shall not accept employment with a listed competitor for the period specified in this Agreement.,non_compete
The Consultant shall not establish a business that directly competes with the Client's services during the restricted period.,non_compete
"During the contract term, the Contractor shall devote its agreed services to the Client and avoid specified competing engagements.",non_compete
The post-termination non-compete restriction shall apply only to the territory identified in this Agreement.,non_compete
The Employee shall not provide substantially identical services to specified competitors for one year after leaving the company.,non_compete
The Contractor agrees not to use its engagement with the Client to establish a competing service during the restricted period.,non_compete
The Consultant shall not participate in a competing venture that targets the same customers during the term.,non_compete
"The restricted activity shall include operating, managing, or providing services to a competing enterprise.",non_compete
The non-compete obligation shall expire twelve months after the effective termination date.,non_compete
The Contractor shall not undertake competing work identified as prohibited in the statement of work.,non_compete
The parties acknowledge the geographic and time limits applicable to the competitive restriction.,non_compete
The Employee agrees to refrain from joining designated competitors for the period stated herein.,non_compete
The Consultant shall not launch a directly competing product while the agreement remains in effect.,non_compete
The restricted business activities shall be limited to those expressly described in this clause.,non_compete
The Contractor shall not provide competing services to customers listed in Schedule A during the restricted period.,non_compete
The post-contract restriction prohibits direct competition within the specified market and territory.,non_compete
The parties agree that the competitive restriction applies only for the duration expressly stated.,non_compete
The Contractor shall perform the services in accordance with the specifications and milestones agreed by the parties.,obligation
The Client shall provide timely access to information required for the Contractor to perform its duties.,obligation
Each party shall comply with all applicable laws and regulations in performing its obligations.,obligation
The Contractor shall maintain accurate records relating to the services performed under this Agreement.,obligation
The Client shall cooperate reasonably with the Contractor during implementation of the project.,obligation
The Contractor shall provide progress reports to the Client on a monthly basis.,obligation
Each party shall promptly notify the other of circumstances that may materially affect performance.,obligation
The Contractor shall use commercially reasonable efforts to complete the deliverables by the agreed deadline.,obligation
The Client shall review submitted deliverables within the review period specified in the statement of work.,obligation
The parties shall designate authorized representatives to coordinate performance of the Agreement.,obligation
The Contractor shall maintain appropriate technical and organizational measures for the services.,obligation
The Client shall provide accurate requirements and specifications necessary for development work.,obligation
The Contractor shall correct defects identified during the agreed acceptance period.,obligation
Each party shall perform its responsibilities in good faith and cooperate with the other party.,obligation
The Contractor shall retain project records for the period required by applicable law.,obligation
The Client shall promptly communicate any changes to project requirements.,obligation
The Contractor shall assign qualified personnel to perform the contracted services.,obligation
The parties shall participate in scheduled project meetings when reasonably requested.,obligation
The Client shall provide necessary approvals within a reasonable time.,obligation
"The Contractor shall deliver the agreed reports, documentation, and project materials.",obligation
Each party shall comply with the procedures expressly assigned to it under the Agreement.,obligation
The parties shall use reasonable efforts to fulfill their respective responsibilities under the contract.,obligation
"If the Contractor misses a contractual milestone without an agreed extension, a penalty of INR 10,000 shall apply.",penalty
The supplier shall pay liquidated damages for each day of delay beyond the agreed delivery date.,penalty
A late delivery charge of two percent of the order value shall apply for each completed week of delay.,penalty
"If payment is overdue, the Client may impose the contractual late-payment charge specified herein.",penalty
The Contractor shall incur a fixed penalty for failure to meet the agreed service-level requirement.,penalty
"For each day that delivery is delayed, the supplier shall owe the amount stated as liquidated damages.",penalty
A cancellation fee shall be payable if the Client terminates the order after production has commenced.,penalty
The service provider shall pay the agreed contractual charge for failing to maintain the required uptime.,penalty
"If the milestone is not completed by the deadline, the specified delay charge shall become due.",penalty
The parties agree that the stated amount constitutes liquidated damages for the identified delay.,penalty
"A fee of INR 5,000 per day shall apply for unauthorized delay in delivering the project.",penalty
The Contractor shall pay a contractual charge if it fails to satisfy the agreed response-time requirement.,penalty
Failure to deliver the equipment by the scheduled date shall result in the stated late-delivery penalty.,penalty
The supplier shall be charged the agreed amount for each day of non-compliance with the delivery schedule.,penalty
"If the service level falls below the agreed threshold, the provider shall pay the applicable service credit.",penalty
The Contractor shall pay the contractual penalty for failing to provide the required documentation on time.,penalty
An early cancellation charge shall apply where the customer cancels the order after confirmation.,penalty
The agreed liquidated damages shall be the exclusive monetary remedy for the specified delay.,penalty
A penalty shall be assessed when the Contractor fails to meet the contractual completion date without excuse.,penalty
The supplier shall pay the agreed charge for each shipment delivered after the contractual deadline.,penalty
Failure to meet the specified performance threshold shall trigger the contractual penalty.,penalty
The parties agree to the stated monetary consequence for the identified contractual default.,penalty
This Agreement shall automatically renew for successive one-year periods unless either party gives notice of non-renewal.,renewal
The subscription shall renew for another twelve months unless the customer provides written notice before the renewal date.,renewal
"Unless terminated earlier, the contract will automatically extend for an additional term of one year.",renewal
The service agreement shall renew automatically on each anniversary unless written cancellation is received.,renewal
"At the end of the initial term, the Agreement shall continue for successive renewal periods.",renewal
The subscription term shall be extended automatically unless the customer opts out before the deadline.,renewal
Either party may prevent automatic renewal by delivering written notice at least thirty days before expiration.,renewal
The contract shall automatically renew for six-month periods following the initial term.,renewal
"Unless a party provides timely non-renewal notice, this Agreement shall continue for another annual term.",renewal
The license shall renew automatically on the renewal date unless cancelled in accordance with this clause.,renewal
Each renewal period shall begin immediately after the preceding term expires.,renewal
The Agreement will continue on an automatic renewal basis unless either party elects not to renew.,renewal
Non-renewal notice must be provided in writing before the current contract term ends.,renewal
The parties agree that the services shall automatically continue for successive twelve-month periods.,renewal
The initial subscription shall convert into a new annual term unless timely notice is given.,renewal
Automatic renewal shall occur unless the customer submits a valid cancellation request before the renewal deadline.,renewal
The contract may be renewed for additional terms under the automatic renewal provision.,renewal
Each party may decline renewal by providing the required advance notice.,renewal
"Following the initial period, the Agreement shall renew automatically under the same terms.",renewal
The service plan shall renew for another term unless cancelled before the stated cutoff date.,renewal
The renewal date shall occur annually unless either party gives proper notice of non-renewal.,renewal
Failure to provide non-renewal notice shall result in automatic extension of the Agreement.,renewal
Any dispute arising out of this Agreement shall be finally resolved by arbitration.,arbitration
Disputes between the parties shall be referred to a sole arbitrator appointed in accordance with this clause.,arbitration
"The arbitration proceedings shall be conducted in Pune, Maharashtra, India.",arbitration
Any controversy relating to this Agreement shall be settled through binding arbitration.,arbitration
The parties agree to submit unresolved disputes to arbitration before commencing court proceedings.,arbitration
Arbitration shall be administered under the rules specified in this Agreement.,arbitration
The arbitral award shall be final and binding upon both parties.,arbitration
Each party waives the right to a trial to the extent permitted by applicable law.,arbitration
The arbitrator shall have authority to determine disputes arising under the contract.,arbitration
Any dispute not resolved through negotiation within thirty days shall proceed to arbitration.,arbitration
The arbitration shall be conducted in English unless the parties agree otherwise.,arbitration
The parties shall share arbitration costs as determined by the arbitrator.,arbitration
Disputes concerning interpretation of this Agreement shall be submitted to binding arbitration.,arbitration
The seat of arbitration shall be the location stated in the applicable dispute resolution clause.,arbitration
The arbitration clause shall survive termination of the Agreement.,arbitration
Any claim arising from the services shall be resolved through the agreed arbitration process.,arbitration
The parties shall appoint the arbitrator according to the procedure set out herein.,arbitration
Arbitration shall be the exclusive method for resolving covered contractual disputes.,arbitration
The arbitrator's decision shall be enforceable in any court of competent jurisdiction.,arbitration
The parties consent to arbitration for disputes that cannot be resolved amicably.,arbitration
"Before arbitration, the parties shall attempt in good faith to resolve the dispute through negotiation.",arbitration
All covered disputes shall be determined by arbitration rather than ordinary court litigation.,arbitration
